./reviews/ru/stud/conllu/review_beauty_12_4.conllu	0	0	0	1	0	0	0	0	0	0	1	0	0	0	0	0	2	0	0	0	0	0	1	0	0	
./reviews/ru/stud/conllu/review_beauty_14_5.conllu	2	2	1	1	0	3	0	1	0	1	0	0	0	0	0	1	1	0	1	1	0	0	0	1	0	
./reviews/ru/stud/conllu/review_beauty_17_5.conllu	0	0	2	0	0	0	0	1	1	0	3	1	1	2	0	3	0	0	0	0	0	0	0	0	0	
./reviews/ru/stud/conllu/review_beauty_18_5.conllu	1	3	2	0	1	0	0	0	0	0	0	0	0	0	0	0	0	0	0	0	2	0	0	0	2	
./reviews/ru/stud/conllu/review_beauty_21_5.conllu	3	2	0	1	0	1	0	0	1	1	3	0	0	2	2	0	0	0	0	0	1	0	0	0	0	
./reviews/ru/stud/conllu/review_beauty_25_5.conllu	2	1	0	0	0	0	0	1	0	1	1	0	1	1	1	2	0	1	1	0	0	0	0	0	0	
./reviews/ru/stud/conllu/review_beauty_53_1.conllu	3	2	1	1	0	1	2	2	1	1	1	2	0	0	3	0	1	0	0	0	0	0	1	1	0	
./reviews/ru/stud/conllu/review_beauty_58_1.conllu	1	0	0	1	2	1	2	1	2	0	0	1	0	1	0	0	1	0	0	0	0	0	1	0	2	
./reviews/ru/stud/conllu/review_beauty_62_1.conllu	2	0	0	0	1	1	1	1	0	0	1	2	0	0	1	1	0	0	0	0	0	0	1	0	0	
./reviews/ru/stud/conllu/review_beauty_6_5.conllu	4	0	0	2	1	0	1	1	0	1	1	1	1	1	2	1	0	1	0	0	1	0	1	0	0	
./reviews/ru/stud/conllu/review_beauty_82_1.conllu	3	0	2	1	1	0	1	0	1	0	1	0	0	1	1	0	1	0	0	0	0	0	0	0	0	
./reviews/ru/stud/conllu/review_beauty_87_1.conllu	2	0	1	1	1	0	1	1	0	1	1	2	0	0	0	1	0	0	0	0	0	0	0	1	0	
./reviews/ru/stud/conllu/review_beauty_88_1.conllu	5	0	0	0	0	0	1	0	1	0	1	0	0	0	0	1	0	0	0	0	2	0	1	1	0	
./reviews/ru/stud/conllu/review_beauty_93_1.conllu	2	1	0	2	2	0	0	1	1	0	0	0	0	1	0	1	0	0	0	0	1	0	0	0	1	
./reviews/ru/stud/conllu/review_books_11_5.conllu	2	1	1	0	0	1	0	1	0	0	0	0	0	1	1	1	0	0	1	1	0	0	0	1	0	
./reviews/ru/stud/conllu/review_books_14_4.conllu	1	1	1	0	0	2	1	0	0	0	1	1	1	0	0	0	0	0	0	0	0	0	0	0	1	
./reviews/ru/stud/conllu/review_books_16_1.conllu	0	1	2	0	0	1	0	1	0	0	0	0	0	0	0	2	0	0	1	0	0	0	0	1	0	
./reviews/ru/stud/conllu/review_books_172_1.conllu	1	2	0	0	0	2	0	1	0	1	0	2	0	0	1	1	0	0	1	0	1	0	0	0	0	
./reviews/ru/stud/conllu/review_books_18_4.conllu	2	1	0	0	0	2	0	1	2	2	1	1	1	1	0	0	0	1	2	0	1	0	1	1	0	
./reviews/ru/stud/conllu/review_books_19_4.conllu	4	2	0	4	1	2	2	1	1	1	1	0	0	1	1	1	1	2	0	0	1	0	1	0	2	
./reviews/ru/stud/conllu/review_books_1_4.conllu	1	2	1	1	0	2	0	1	0	0	2	2	1	0	0	2	0	0	0	0	1	0	0	0	0	
./reviews/ru/stud/conllu/review_books_233_1.conllu	1	1	1	0	0	1	2	1	0	1	0	0	0	0	0	0	0	0	0	0	0	0	0	1	1	
./reviews/ru/stud/conllu/review_books_268_2.conllu	1	1	2	0	1	1	0	2	2	0	0	0	0	1	0	0	0	0	1	0	0	0	1	0	1	
./reviews/ru/stud/conllu/review_books_302_2.conllu	3	2	1	1	2	1	1	2	1	0	2	1	0	0	1	1	0	0	0	0	0	0	0	1	1	
./reviews/ru/stud/conllu/review_books_311_1.conllu	2	1	0	2	1	1	0	0	0	0	0	1	0	0	0	1	0	0	0	0	0	0	0	0	0	
./reviews/ru/stud/conllu/review_books_5_5.conllu	2	1	0	1	0	0	0	0	0	1	0	0	0	1	1	0	0	0	0	0	1	0	0	0	0	
./reviews/ru/stud/conllu/review_books_77_2.conllu	2	0	1	0	1	0	0	1	1	0	2	0	0	0	2	1	0	0	0	0	0	0	1	1	0	
./reviews/ru/stud/conllu/review_books_8_4.conllu	1	0	1	2	1	1	0	2	1	0	1	2	0	1	0	1	0	0	1	0	0	0	0	0	0	
./reviews/ru/stud/conllu/review_cd+vinyl_107_2.conllu	2	0	2	1	0	0	1	2	1	0	0	1	0	0	0	1	0	1	0	0	1	0	0	0	0	
./reviews/ru/stud/conllu/review_cd+vinyl_110_1.conllu	1	2	0	1	0	1	1	0	0	1	0	0	0	0	0	0	0	1	0	0	0	0	0	0	0	
./reviews/ru/stud/conllu/review_cd+vinyl_113_2.conllu	1	1	0	0	0	1	0	0	0	0	0	1	0	0	0	0	0	1	0	0	1	0	0	0	0	
./reviews/ru/stud/conllu/review_cd+vinyl_12_5.conllu	1	0	0	1	0	1	0	4	0	0	0	3	0	0	0	1	0	1	1	0	0	0	0	0	0	
./reviews/ru/stud/conllu/review_cd+vinyl_152_2.conllu	0	1	2	0	0	1	0	1	0	0	0	1	0	0	0	0	1	0	1	0	0	0	0	0	0	
./reviews/ru/stud/conllu/review_cd+vinyl_156_2.conllu	0	1	2	0	0	1	0	1	0	0	0	1	0	0	0	0	1	0	1	0	0	0	0	0	0	
./reviews/ru/stud/conllu/review_cd+vinyl_159_2.conllu	2	0	2	0	1	0	1	0	2	1	0	1	0	0	1	1	0	1	0	0	0	0	0	0	0	
./reviews/ru/stud/conllu/review_cd+vinyl_164_1.conllu	1	1	2	0	0	0	0	0	0	0	0	0	1	0	0	0	0	0	0	0	0	0	1	0	0	
./reviews/ru/stud/conllu/review_cd+vinyl_16_5.conllu	0	0	2	0	0	5	0	0	1	0	0	0	0	0	0	0	0	0	2	0	0	0	1	0	0	
./reviews/ru/stud/conllu/review_cd+vinyl_17_5.conllu	0	1	1	0	1	1	0	1	0	0	0	0	0	0	0	1	0	0	1	0	0	0	0	0	0	
./reviews/ru/stud/conllu/review_cd+vinyl_23_5.conllu	0	1	1	0	1	3	0	1	0	0	1	1	0	0	0	0	0	0	1	0	0	0	0	1	1	
./reviews/ru/stud/conllu/review_cd+vinyl_25_5.conllu	0	0	0	1	0	1	0	1	0	0	0	1	0	0	0	1	0	0	0	0	0	0	0	1	0	
./reviews/ru/stud/conllu/review_cd+vinyl_7_5.conllu	0	0	0	0	3	0	0	0	0	0	0	0	1	0	0	0	1	1	0	0	0	0	0	0	0	
./reviews/ru/stud/conllu/review_cd+vinyl_8_5.conllu	0	0	0	0	0	0	0	2	0	0	0	1	1	2	0	1	0	0	0	0	0	0	2	0	0	
./reviews/ru/stud/conllu/review_cell-phones+accessories_102_1.conllu	3	0	0	1	1	0	1	0	1	2	0	0	0	1	2	1	0	0	1	0	1	0	1	0	1	
./reviews/ru/stud/conllu/review_cell-phones+accessories_105_2.conllu	2	1	0	1	0	3	0	0	0	0	0	0	0	0	0	0	1	0	4	0	2	0	0	0	0	
./reviews/ru/stud/conllu/review_cell-phones+accessories_117_1.conllu	1	1	0	0	1	0	0	0	0	0	0	0	1	3	0	0	0	1	0	0	1	0	0	0	1	
./reviews/ru/stud/conllu/review_cell-phones+accessories_127_1.conllu	1	0	1	1	1	1	0	0	2	0	0	0	0	0	0	0	0	0	0	1	1	1	0	1	0	
./reviews/ru/stud/conllu/review_cell-phones+accessories_12_5.conllu	1	1	0	0	3	0	2	1	0	1	2	0	0	0	1	1	1	0	1	0	0	0	0	1	1	
./reviews/ru/stud/conllu/review_cell-phones+accessories_132_1.conllu	1	0	0	0	0	0	0	0	0	0	0	0	2	0	0	0	0	1	0	0	1	1	0	0	0	
./reviews/ru/stud/conllu/review_cell-phones+accessories_13_5.conllu	0	0	1	0	1	0	0	3	0	0	0	1	1	0	0	2	0	1	0	0	0	0	0	0	0	
./reviews/ru/stud/conllu/review_cell-phones+accessories_25_4.conllu	1	0	0	0	1	0	0	1	0	0	0	1	0	0	0	0	0	1	0	0	1	0	0	1	0	
./reviews/ru/stud/conllu/review_cell-phones+accessories_28_4.conllu	2	1	3	0	2	0	2	0	1	0	0	0	1	1	0	0	1	2	0	0	0	0	3	0	1	
./reviews/ru/stud/conllu/review_cell-phones+accessories_40_4.conllu	2	0	0	0	0	1	0	0	0	1	1	0	0	1	1	0	0	0	1	0	2	0	0	0	0	
./reviews/ru/stud/conllu/review_cell-phones+accessories_47_1.conllu	1	0	0	0	2	0	0	0	0	0	0	0	0	1	0	0	0	0	1	2	0	0	0	0	0	
./reviews/ru/stud/conllu/review_cell-phones+accessories_4_4.conllu	1	1	1	1	0	2	1	1	0	1	0	0	0	0	0	1	0	0	1	0	0	0	0	1	0	
./reviews/ru/stud/conllu/review_cell-phones+accessories_57_5.conllu	2	2	0	0	0	0	0	1	0	0	0	0	1	0	1	0	0	0	2	0	0	0	1	0	0	
./reviews/ru/stud/conllu/review_cell-phones+accessories_64_2.conllu	1	0	1	0	0	0	0	1	0	0	1	0	0	1	0	1	0	0	0	0	1	0	1	1	1	
./reviews/ru/stud/conllu/review_grocery+gourmet-food_11_5.conllu	3	0	0	3	1	0	0	0	0	0	0	0	0	0	0	0	0	0	0	0	1	0	0	0	1	
./reviews/ru/stud/conllu/review_grocery+gourmet-food_13_5.conllu	1	1	0	0	0	3	0	1	0	1	0	0	1	0	1	1	0	0	2	0	1	0	0	0	0	
./reviews/ru/stud/conllu/review_grocery+gourmet-food_147_2.conllu	3	3	1	1	1	0	0	0	0	2	0	0	0	0	1	0	1	4	1	1	0	0	0	0	1	
./reviews/ru/stud/conllu/review_grocery+gourmet-food_167_2.conllu	4	1	0	1	1	1	1	0	0	0	1	1	2	1	0	0	0	0	1	0	2	1	0	1	0	
./reviews/ru/stud/conllu/review_grocery+gourmet-food_16_4.conllu	2	0	0	2	2	0	1	0	0	1	1	0	0	1	0	1	0	0	1	0	0	0	0	0	0	
./reviews/ru/stud/conllu/review_grocery+gourmet-food_175_2.conllu	1	0	2	1	0	0	0	0	0	0	1	0	0	2	0	0	0	0	0	1	0	0	1	0	0	
./reviews/ru/stud/conllu/review_grocery+gourmet-food_18_5.conllu	2	0	1	2	1	0	1	1	1	0	0	1	0	1	0	1	0	0	0	0	0	0	0	0	1	
./reviews/ru/stud/conllu/review_grocery+gourmet-food_20_4.conllu	2	0	1	1	2	0	0	1	0	0	0	1	1	1	0	0	0	0	0	0	0	0	0	0	0	
./reviews/ru/stud/conllu/review_grocery+gourmet-food_340_1.conllu	1	0	0	0	0	1	0	0	1	0	0	0	0	0	0	0	0	0	0	0	1	0	0	0	0	
./reviews/ru/stud/conllu/review_grocery+gourmet-food_355_1.conllu	1	1	0	2	0	1	0	0	0	2	1	0	0	0	1	0	0	0	0	0	0	0	0	0	0	
./reviews/ru/stud/conllu/review_grocery+gourmet-food_356_1.conllu	1	1	0	2	0	1	0	0	0	2	1	0	0	0	1	0	0	0	0	0	0	0	0	0	0	
./reviews/ru/stud/conllu/review_grocery+gourmet-food_399_2.conllu	4	1	0	2	0	1	0	0	1	1	0	0	1	4	1	0	0	0	0	0	1	0	2	0	0	
./reviews/ru/stud/conllu/review_grocery+gourmet-food_8_5.conllu	1	2	0	2	2	0	1	0	0	3	0	0	0	0	1	0	0	0	1	1	1	0	0	0	3	
./reviews/ru/stud/conllu/review_grocery+gourmet-food_9_5.conllu	2	1	0	0	1	1	2	1	1	1	0	2	1	0	1	0	0	0	0	0	0	0	0	1	0	
./reviews/ru/stud/conllu/review_health+care_110_1.conllu	2	0	1	1	1	0	1	0	0	0	0	0	0	1	0	1	0	1	0	0	0	0	0	1	1	
./reviews/ru/stud/conllu/review_health+care_119_2.conllu	0	0	1	0	1	1	0	1	0	0	0	0	0	0	0	0	0	2	0	0	0	0	1	2	1	
./reviews/ru/stud/conllu/review_health+care_127_1.conllu	2	0	2	1	0	1	0	0	1	0	3	0	1	0	1	0	0	0	0	0	0	0	1	0	0	
./reviews/ru/stud/conllu/review_health+care_13_5.conllu	6	1	0	2	1	1	2	1	1	0	0	0	0	1	0	2	1	0	2	0	2	0	0	0	1	
./reviews/ru/stud/conllu/review_health+care_14_5.conllu	6	0	2	3	0	0	1	0	1	1	1	0	0	1	0	1	1	0	0	0	1	0	0	0	0	
./reviews/ru/stud/conllu/review_health+care_16_4.conllu	1	1	0	2	0	2	1	0	1	0	0	0	2	0	0	0	0	0	0	0	0	0	0	2	1	
./reviews/ru/stud/conllu/review_health+care_185_2.conllu	0	1	0	0	0	2	1	0	1	1	1	0	0	0	0	0	0	3	1	0	1	0	0	0	0	
./reviews/ru/stud/conllu/review_health+care_199_2.conllu	1	0	0	2	1	0	1	0	1	0	0	0	0	0	0	0	1	2	1	0	2	0	0	0	0	
./reviews/ru/stud/conllu/review_health+care_19_5.conllu	2	0	1	0	0	0	0	3	0	0	0	3	2	0	0	0	0	0	0	1	0	0	0	1	0	
./reviews/ru/stud/conllu/review_health+care_4_4.conllu	4	2	1	4	1	3	1	0	0	4	2	1	1	0	1	1	0	1	2	0	0	0	0	0	0	
./reviews/ru/stud/conllu/review_health+care_53_1.conllu	4	0	0	1	0	2	1	1	3	1	0	0	1	1	3	0	0	6	3	0	0	1	1	0	1	
./reviews/ru/stud/conllu/review_health+care_6_5.conllu	1	0	1	1	0	0	1	0	0	1	1	0	1	0	0	0	0	0	0	0	0	0	3	1	1	
./reviews/ru/stud/conllu/review_health+care_84_1.conllu	3	1	1	1	0	1	1	1	0	0	0	3	0	0	0	0	0	0	1	0	1	0	1	1	0	
./reviews/ru/stud/conllu/review_health+care_8_5.conllu	1	2	2	0	0	2	0	0	1	1	0	0	0	0	0	0	0	1	2	0	0	0	1	0	0	
./reviews/ru/stud/conllu/review_home+kitchen_10_5.conllu	2	0	1	1	0	0	0	1	0	0	0	0	2	0	1	1	0	0	0	0	0	0	1	2	0	
./reviews/ru/stud/conllu/review_home+kitchen_112_1.conllu	5	1	1	3	0	1	2	0	0	0	1	0	1	2	0	0	2	0	1	0	0	0	2	1	0	
./reviews/ru/stud/conllu/review_home+kitchen_12_5.conllu	0	1	0	0	1	1	1	1	1	0	1	0	0	1	0	1	0	0	0	0	0	0	1	2	0	
./reviews/ru/stud/conllu/review_home+kitchen_145_1.conllu	5	0	2	2	0	0	0	2	0	0	1	0	1	1	0	1	0	0	0	0	0	0	0	0	0	
./reviews/ru/stud/conllu/review_home+kitchen_185_1.conllu	3	0	0	1	1	0	0	2	1	0	0	0	1	0	0	0	0	0	1	0	1	0	0	0	0	
./reviews/ru/stud/conllu/review_home+kitchen_19_5.conllu	5	3	0	0	1	1	1	1	0	2	1	1	0	1	1	0	0	0	0	0	0	0	0	0	0	
./reviews/ru/stud/conllu/review_home+kitchen_20_5.conllu	3	2	0	0	0	2	0	1	0	0	0	1	0	0	0	0	0	0	2	0	2	0	0	0	0	
./reviews/ru/stud/conllu/review_home+kitchen_214_2.conllu	4	3	2	0	0	2	1	3	0	1	1	1	0	1	0	3	0	0	1	0	0	1	2	0	0	
./reviews/ru/stud/conllu/review_home+kitchen_21_5.conllu	3	1	0	1	0	2	1	0	3	1	1	0	0	0	0	0	1	1	1	0	0	0	0	1	0	
./reviews/ru/stud/conllu/review_home+kitchen_24_5.conllu	1	0	0	0	0	0	0	1	0	0	1	1	0	1	0	0	0	0	0	0	0	0	0	1	0	
./reviews/ru/stud/conllu/review_home+kitchen_29_2.conllu	2	2	0	2	2	0	1	1	1	1	3	2	0	0	0	0	0	0	0	1	1	0	1	2	1	
./reviews/ru/stud/conllu/review_home+kitchen_41_2.conllu	3	1	2	0	0	0	0	0	3	0	0	1	0	2	0	0	1	0	1	0	1	0	1	0	0	
./reviews/ru/stud/conllu/review_home+kitchen_6_5.conllu	4	0	0	0	1	0	2	2	0	0	2	0	0	0	0	2	0	0	0	0	2	0	1	0	1	
./reviews/ru/stud/conllu/review_home+kitchen_96_2.conllu	1	2	1	2	1	1	0	0	0	1	2	0	0	2	0	0	0	0	0	0	1	0	0	0	1	
./reviews/ru/stud/conllu/review_movies+TV_11_5.conllu	2	1	0	0	1	0	2	1	0	2	2	1	0	1	2	0	0	0	1	0	2	0	0	0	0	
./reviews/ru/stud/conllu/review_movies+TV_187_1.conllu	3	0	0	1	0	0	0	0	1	0	0	1	1	0	0	0	0	0	0	0	0	0	0	0	0	
./reviews/ru/stud/conllu/review_movies+TV_1_4.conllu	2	0	1	0	1	1	0	0	0	0	1	1	0	3	0	0	0	0	1	0	1	0	1	1	1	
./reviews/ru/stud/conllu/review_movies+TV_20_5.conllu	1	2	1	0	1	1	1	2	0	2	0	2	0	1	2	0	0	0	0	0	0	0	1	0	1	
./reviews/ru/stud/conllu/review_movies+TV_22_5.conllu	3	2	0	2	0	1	0	2	0	0	0	0	0	2	0	0	0	0	0	0	0	0	1	0	1	
./reviews/ru/stud/conllu/review_movies+TV_249_1.conllu	1	2	0	0	0	0	0	2	0	0	0	0	0	0	1	0	0	1	1	0	1	0	0	0	0	
./reviews/ru/stud/conllu/review_movies+TV_24_5.conllu	7	0	0	1	0	0	0	0	1	0	0	1	0	1	0	1	0	1	3	0	1	0	0	2	0	
./reviews/ru/stud/conllu/review_movies+TV_252_1.conllu	1	1	0	2	1	2	0	2	2	3	0	2	1	0	1	0	0	1	2	0	0	0	0	0	0	
./reviews/ru/stud/conllu/review_movies+TV_25_5.conllu	1	0	0	1	0	0	0	2	0	1	1	2	0	0	2	0	0	2	0	0	0	0	0	0	0	
./reviews/ru/stud/conllu/review_movies+TV_26_5.conllu	3	0	0	2	0	0	0	2	3	2	0	2	0	0	0	0	0	1	1	0	1	0	0	0	0	
./reviews/ru/stud/conllu/review_movies+TV_274_2.conllu	2	1	0	3	0	2	1	2	1	0	1	1	0	0	0	0	2	1	2	0	0	0	1	0	0	
./reviews/ru/stud/conllu/review_movies+TV_304_1.conllu	1	2	0	0	1	1	1	1	0	1	0	0	0	0	1	2	0	0	0	0	0	0	0	1	1	
./reviews/ru/stud/conllu/review_movies+TV_439_1.conllu	1	1	0	0	0	0	1	0	0	0	0	0	0	1	0	0	0	2	0	0	0	0	1	1	0	
./reviews/ru/stud/conllu/review_movies+TV_500_1.conllu	4	2	0	2	0	4	1	0	0	1	0	2	0	0	0	1	1	0	1	0	0	0	0	0	0	
./reviews/ru/stud/conllu/review_musical-instruments_12_4.conllu	2	0	0	0	0	0	2	1	2	0	0	1	0	1	0	0	0	0	0	1	0	0	0	2	0	
./reviews/ru/stud/conllu/review_musical-instruments_17_4.conllu	0	0	0	0	1	2	0	1	0	0	0	1	0	1	1	1	0	0	1	0	0	0	0	0	1	
./reviews/ru/stud/conllu/review_musical-instruments_18_5.conllu	0	1	0	0	1	1	0	1	0	0	1	2	0	0	0	0	0	1	0	0	0	0	0	0	1	
./reviews/ru/stud/conllu/review_musical-instruments_1_5.conllu	1	2	0	0	0	2	1	0	1	1	0	1	0	0	1	0	0	0	0	0	0	0	0	0	0	
./reviews/ru/stud/conllu/review_musical-instruments_24_5.conllu	3	0	0	2	0	0	0	0	0	0	0	0	1	0	0	0	0	0	2	0	0	0	0	0	0	
./reviews/ru/stud/conllu/review_musical-instruments_25_5.conllu	1	0	1	1	0	0	0	1	1	1	1	1	0	1	0	2	1	2	1	0	1	0	1	0	0	
./reviews/ru/stud/conllu/review_musical-instruments_287_2.conllu	1	0	0	0	0	3	0	0	0	0	0	1	1	0	0	0	1	0	1	0	0	0	0	0	0	
./reviews/ru/stud/conllu/review_musical-instruments_3_5.conllu	1	4	0	1	4	2	2	0	1	2	0	0	0	0	1	0	1	0	1	0	1	0	0	0	1	
./reviews/ru/stud/conllu/review_musical-instruments_409_1.conllu	1	0	1	1	1	1	0	2	0	0	0	0	0	2	0	1	0	0	2	0	0	0	2	1	0	
./reviews/ru/stud/conllu/review_musical-instruments_414_1.conllu	1	0	0	0	0	0	0	2	0	0	0	2	2	0	0	0	0	1	0	0	0	0	1	0	0	
./reviews/ru/stud/conllu/review_musical-instruments_483_2.conllu	1	0	0	0	0	0	1	0	0	0	0	0	0	1	1	0	0	0	0	0	0	0	0	0	1	
./reviews/ru/stud/conllu/review_musical-instruments_51_2.conllu	2	0	0	1	2	0	0	0	0	0	1	1	1	1	1	0	1	0	0	0	0	0	0	1	0	
./reviews/ru/stud/conllu/review_musical-instruments_53_1.conllu	2	0	0	1	0	0	1	1	1	1	0	2	0	2	0	0	0	0	0	0	0	0	0	0	0	
./reviews/ru/stud/conllu/review_musical-instruments_547_2.conllu	2	1	0	0	1	3	0	1	2	0	1	0	3	2	1	1	0	0	0	0	0	0	1	1	0	
./reviews/ru/stud/conllu/review_patio+lawn+garden_10_4.conllu	2	1	2	1	0	2	0	0	0	0	0	0	1	1	0	1	0	0	0	0	0	0	0	0	0	
./reviews/ru/stud/conllu/review_patio+lawn+garden_11_4.conllu	1	0	0	0	1	0	0	1	0	0	0	1	0	0	1	0	0	0	1	0	0	0	0	0	0	
./reviews/ru/stud/conllu/review_patio+lawn+garden_147_2.conllu	1	0	2	1	0	0	1	0	1	0	0	0	0	3	0	0	0	0	0	0	0	0	0	0	0	
./reviews/ru/stud/conllu/review_patio+lawn+garden_14_5.conllu	0	0	1	1	0	1	0	2	0	1	0	2	2	0	1	0	0	0	0	0	0	0	0	0	1	
./reviews/ru/stud/conllu/review_patio+lawn+garden_15_5.conllu	3	2	0	0	1	0	2	1	1	1	0	0	0	0	0	0	0	0	0	0	1	0	0	0	1	
./reviews/ru/stud/conllu/review_patio+lawn+garden_161_2.conllu	3	1	0	2	1	2	0	0	2	0	0	0	0	2	0	0	0	0	1	0	0	0	2	1	0	
./reviews/ru/stud/conllu/review_patio+lawn+garden_181_2.conllu	0	0	1	0	0	0	0	0	0	0	0	0	1	0	0	0	0	3	0	0	0	0	0	0	0	
./reviews/ru/stud/conllu/review_patio+lawn+garden_19_5.conllu	2	2	0	3	0	0	0	0	0	3	0	0	1	0	0	1	0	1	0	0	0	1	0	0	0	
./reviews/ru/stud/conllu/review_patio+lawn+garden_1_4.conllu	1	2	4	0	0	1	0	2	2	0	1	2	0	1	1	0	0	0	0	0	0	0	1	1	1	
./reviews/ru/stud/conllu/review_patio+lawn+garden_247_1.conllu	3	0	2	1	1	1	2	2	1	1	0	2	0	0	0	0	0	0	2	0	1	0	0	0	0	
./reviews/ru/stud/conllu/review_patio+lawn+garden_334_1.conllu	2	3	2	0	1	3	1	0	1	0	2	0	0	1	0	0	0	0	0	0	0	0	1	0	1	
./reviews/ru/stud/conllu/review_patio+lawn+garden_387_1.conllu	2	0	0	1	1	0	0	0	1	0	0	1	1	0	0	0	0	0	0	0	0	0	1	0	0	
./reviews/ru/stud/conllu/review_patio+lawn+garden_392_1.conllu	3	2	2	0	1	0	1	0	1	2	1	0	0	1	1	0	2	0	1	0	1	0	1	0	0	
./reviews/ru/stud/conllu/review_patio+lawn+garden_6_5.conllu	1	0	0	1	0	0	1	1	1	0	0	0	0	1	0	0	1	2	0	0	0	0	0	0	0	
./reviews/ru/stud/conllu/review_pet_supplies_131_2.conllu	2	2	0	0	0	1	0	0	0	0	0	0	1	0	0	2	0	0	1	0	0	0	2	0	0	
./reviews/ru/stud/conllu/review_pet_supplies_132_2.conllu	1	1	1	0	1	0	0	1	2	0	1	0	0	2	0	0	0	2	0	0	1	0	0	1	1	
./reviews/ru/stud/conllu/review_pet_supplies_143_1.conllu	0	0	2	0	0	2	0	3	0	0	2	0	0	1	0	2	0	0	1	1	0	0	1	0	0	
./reviews/ru/stud/conllu/review_pet_supplies_15_1.conllu	1	1	0	0	0	1	0	0	1	0	0	0	0	2	0	0	0	2	0	0	1	0	0	0	1	
./reviews/ru/stud/conllu/review_pet_supplies_23_4.conllu	2	0	1	1	0	0	1	1	0	0	1	1	0	0	0	0	0	0	0	0	0	0	0	0	1	
./reviews/ru/stud/conllu/review_pet_supplies_27_1.conllu	5	0	0	1	1	0	1	1	1	0	1	2	0	2	1	0	0	0	0	0	0	0	0	0	2	
./reviews/ru/stud/conllu/review_pet_supplies_36_5.conllu	2	2	0	0	3	0	3	4	1	2	1	1	0	0	0	1	2	0	0	0	0	0	0	0	2	
./reviews/ru/stud/conllu/review_pet_supplies_38_5.conllu	2	1	0	1	2	0	0	0	2	0	0	0	2	1	0	1	0	0	0	0	0	0	1	0	0	
./reviews/ru/stud/conllu/review_pet_supplies_46_4.conllu	3	1	0	1	1	1	0	0	0	1	1	1	0	2	2	0	0	0	0	0	0	0	1	0	1	
./reviews/ru/stud/conllu/review_pet_supplies_48_5.conllu	2	2	0	2	1	1	0	1	1	0	3	2	1	1	0	0	1	1	1	0	0	0	2	0	0	
./reviews/ru/stud/conllu/review_pet_supplies_64_5.conllu	2	2	0	1	0	2	0	1	0	1	1	0	0	0	0	1	1	0	0	0	0	0	0	0	0	
./reviews/ru/stud/conllu/review_pet_supplies_91_1.conllu	3	0	1	1	0	0	1	0	1	0	0	0	0	0	1	0	1	0	0	0	1	0	0	0	0	
./reviews/ru/stud/conllu/review_pet_supplies_98_2.conllu	0	5	1	0	1	2	0	0	1	2	0	0	0	0	0	0	1	0	0	0	1	0	0	0	0	
./reviews/ru/stud/conllu/review_pet_supplies_9_5.conllu	0	0	1	0	2	0	0	2	1	0	1	1	1	0	0	1	1	0	0	0	0	0	0	0	1	
./reviews/ru/stud/conllu/review_sports+outdoors_133_1.conllu	1	2	0	1	1	1	1	0	1	2	1	0	0	0	1	0	0	0	1	0	0	0	0	0	1	
./reviews/ru/stud/conllu/review_sports+outdoors_137_1.conllu	2	0	1	0	0	2	0	2	0	0	1	1	0	1	0	1	0	0	0	0	0	0	0	0	0	
./reviews/ru/stud/conllu/review_sports+outdoors_146_2.conllu	4	1	2	1	0	1	2	0	0	2	2	0	1	1	0	0	0	0	0	0	0	0	0	1	0	
./reviews/ru/stud/conllu/review_sports+outdoors_181_1.conllu	1	0	1	0	0	2	1	2	0	0	1	0	0	0	0	1	0	0	2	0	0	0	0	0	1	
./reviews/ru/stud/conllu/review_sports+outdoors_209_1.conllu	1	1	0	1	1	0	0	1	0	1	0	1	0	0	0	0	0	1	0	0	0	0	0	0	0	
./reviews/ru/stud/conllu/review_sports+outdoors_22_5.conllu	1	0	0	0	0	3	0	2	0	0	1	1	2	0	1	0	0	1	0	0	0	0	1	0	0	
./reviews/ru/stud/conllu/review_sports+outdoors_29_4.conllu	2	2	2	0	1	1	0	0	1	0	0	0	0	2	0	0	0	0	0	0	1	0	0	0	0	
./reviews/ru/stud/conllu/review_sports+outdoors_2_5.conllu	0	0	0	1	0	0	0	0	0	0	0	0	0	0	0	0	0	0	0	1	0	0	1	0	1	
./reviews/ru/stud/conllu/review_sports+outdoors_36_5.conllu	3	1	0	2	0	1	1	3	2	0	1	2	0	0	0	0	0	1	0	0	1	0	0	4	0	
./reviews/ru/stud/conllu/review_sports+outdoors_3_4.conllu	0	1	0	0	0	1	0	0	0	0	0	0	0	1	0	0	0	0	0	0	0	0	1	0	0	
./reviews/ru/stud/conllu/review_sports+outdoors_40_1.conllu	5	0	1	2	1	0	2	0	1	1	0	1	0	0	1	0	2	0	0	0	0	0	0	0	0	
./reviews/ru/stud/conllu/review_sports+outdoors_43_2.conllu	1	1	0	0	2	0	1	0	0	0	0	0	0	2	0	0	0	1	1	0	0	0	0	0	0	
./reviews/ru/stud/conllu/review_sports+outdoors_5_4.conllu	3	2	0	0	0	1	3	0	1	2	0	0	0	0	1	0	0	0	0	0	0	0	1	0	0	
./reviews/ru/stud/conllu/review_sports+outdoors_6_5.conllu	2	3	0	1	1	1	0	2	1	1	0	1	0	2	0	2	0	0	1	0	1	0	2	1	0	
./reviews/ru/stud/conllu/review_toys-and-games_15_5.conllu	1	1	3	1	1	1	0	1	0	0	0	2	2	1	0	0	0	0	0	1	0	0	0	1	1	
./reviews/ru/stud/conllu/review_toys-and-games_166_1.conllu	2	1	0	0	0	1	0	1	3	0	0	1	1	1	0	1	0	1	1	0	0	0	0	0	0	
./reviews/ru/stud/conllu/review_toys-and-games_187_1.conllu	4	0	0	2	0	1	0	0	2	1	1	0	0	0	1	0	0	1	0	0	0	0	2	1	0	
./reviews/ru/stud/conllu/review_toys-and-games_21_5.conllu	2	1	1	0	3	1	2	0	1	0	1	0	0	0	0	0	1	0	0	0	1	0	1	0	0	
./reviews/ru/stud/conllu/review_toys-and-games_23_5.conllu	1	0	2	0	0	1	0	1	0	0	1	0	0	0	0	0	1	0	3	0	1	0	1	0	0	
./reviews/ru/stud/conllu/review_toys-and-games_24_5.conllu	0	0	1	0	0	1	0	1	0	0	0	1	1	0	0	0	0	0	1	0	0	0	0	0	0	
./reviews/ru/stud/conllu/review_toys-and-games_254_2.conllu	1	2	1	0	0	1	1	0	0	0	0	0	1	0	0	0	1	0	0	0	0	0	1	0	0	
./reviews/ru/stud/conllu/review_toys-and-games_331_1.conllu	1	1	1	2	1	0	1	3	3	2	0	2	0	1	0	0	0	0	0	0	0	0	0	0	1	
./reviews/ru/stud/conllu/review_toys-and-games_3_5.conllu	2	2	0	0	0	3	0	0	1	0	0	0	1	0	0	0	0	2	0	0	0	0	0	2	0	
./reviews/ru/stud/conllu/review_toys-and-games_531_2.conllu	1	1	0	0	1	0	0	0	0	0	0	0	0	0	1	1	0	0	0	0	0	0	0	0	0	
./reviews/ru/stud/conllu/review_toys-and-games_587_1.conllu	2	1	0	0	0	0	2	0	0	1	0	0	0	1	1	1	1	0	0	0	0	0	0	0	0	
./reviews/ru/stud/conllu/review_toys-and-games_5_4.conllu	1	5	1	1	0	2	0	1	0	2	0	1	0	1	0	0	0	0	0	0	0	0	0	0	0	
./reviews/ru/stud/conllu/review_toys-and-games_615_2.conllu	0	1	2	0	0	1	0	0	0	0	1	0	0	0	0	1	1	1	0	0	0	0	1	0	0	
./reviews/ru/stud/conllu/review_toys-and-games_9_4.conllu	3	1	1	1	0	1	1	0	1	1	0	1	0	0	0	0	1	0	1	0	1	0	0	1	0	
./reviews/ru/stud/conllu/review_video-games_13_5.conllu	2	0	0	0	0	0	1	0	0	1	0	1	2	0	0	0	0	0	0	0	0	0	0	0	0	
./reviews/ru/stud/conllu/review_video-games_16_5.conllu	0	0	1	0	0	0	0	5	0	1	1	3	0	1	1	1	1	1	0	0	0	0	1	0	0	
./reviews/ru/stud/conllu/review_video-games_17_5.conllu	2	2	1	0	0	0	0	0	1	1	0	2	0	0	0	0	0	0	0	0	1	1	0	0	0	
./reviews/ru/stud/conllu/review_video-games_18_2.conllu	0	0	0	1	0	0	0	0	0	0	0	0	0	0	0	0	0	0	0	0	0	0	0	2	1	
./reviews/ru/stud/conllu/review_video-games_20_1.conllu	1	0	1	1	0	0	0	1	0	1	0	1	2	0	1	0	1	0	0	1	0	2	0	1	0	
./reviews/ru/stud/conllu/review_video-games_21_4.conllu	1	0	0	0	0	0	0	0	0	0	1	2	0	1	0	1	0	0	0	1	0	0	0	0	0	
./reviews/ru/stud/conllu/review_video-games_2_5.conllu	5	1	0	2	0	1	0	1	0	1	0	1	1	0	1	0	0	0	2	0	1	0	1	0	0	
./reviews/ru/stud/conllu/review_video-games_33_5.conllu	2	0	1	1	0	0	0	2	1	1	1	3	0	1	1	1	2	0	1	0	1	0	1	0	0	
./reviews/ru/stud/conllu/review_video-games_40_1.conllu	0	1	0	0	0	0	0	0	1	0	0	0	0	0	0	0	0	1	0	0	0	0	2	1	0	
./reviews/ru/stud/conllu/review_video-games_41_1.conllu	0	2	1	0	0	2	0	2	0	0	2	0	0	0	0	1	1	0	0	0	0	0	0	2	1	
./reviews/ru/stud/conllu/review_video-games_54_1.conllu	0	0	1	1	0	2	0	1	0	0	0	1	0	1	0	0	0	1	1	0	0	0	0	0	0	
./reviews/ru/stud/conllu/review_video-games_58_1.conllu	1	2	0	0	0	1	3	1	0	1	1	1	0	0	0	0	0	1	1	0	0	0	0	1	0	
./reviews/ru/stud/conllu/review_video-games_66_1.conllu	2	0	0	2	0	2	0	1	1	0	0	2	0	0	0	0	1	1	1	0	0	0	0	0	0	
./reviews/ru/stud/conllu/review_video-games_7_5.conllu	0	0	0	0	0	0	0	0	0	0	0	0	0	0	0	1	0	0	1	0	0	1	0	0	0	
